[
  {
    "name": "Assignment0",
    "start": "00:00",
    "duration": 2,
    "importance": 88,
    "maellard": true
  },
  {
    "name": "Assignment1",
    "start": "00:30",
    "duration": 2,
    "importance": 30,
    "maellard": true
  },
  {
    "name": "Assignment2",
    "start": "01:00",
    "duration": 1,
    "importance": 56,
    "maellard": false
  },
  {
    "name": "Assignment3",
    "start": "01:30",
    "duration": 1,
    "importance": 15,
    "maellard": true
  },
  {
    "name": "Assignment4",
    "start": "02:00",
    "duration": 1,
    "importance": 19,
    "maellard": false
  },
  {
    "name": "Assignment5",
    "start": "02:30",
    "duration": 2,
    "importance": 45,
    "maellard": true
  },
  {
    "name": "Assignment6",
    "start": "03:00",
    "duration": 1,
    "importance": 98,
    "maellard": false
  },
  {
    "name": "Assignment7",
    "start": "03:30",
    "duration": 1,
    "importance": 82,
    "maellard": false
  },
  {
    "name": "Assignment8",
    "start": "04:00",
    "duration": 1,
    "importance": 13,
    "maellard": true
  },
  {
    "name": "Assignment9",
    "start": "04:30",
    "duration": 2,
    "importance": 9,
    "maellard": false
  }
]