[
  {
    "name": "Assignment0",
    "start": "00:00",
    "duration": 2,
    "importance": 62,
    "maellard": true
  },
  {
    "name": "Assignment1",
    "start": "00:30",
    "duration": 2,
    "importance": 83,
    "maellard": true
  },
  {
    "name": "Assignment2",
    "start": "01:00",
    "duration": 1,
    "importance": 52,
    "maellard": false
  },
  {
    "name": "Assignment3",
    "start": "01:30",
    "duration": 2,
    "importance": 85,
    "maellard": true
  },
  {
    "name": "Assignment4",
    "start": "02:00",
    "duration": 1,
    "importance": 6,
    "maellard": false
  },
  {
    "name": "Assignment5",
    "start": "02:30",
    "duration": 2,
    "importance": 48,
    "maellard": false
  },
  {
    "name": "Assignment6",
    "start": "03:00",
    "duration": 1,
    "importance": 92,
    "maellard": false
  },
  {
    "name": "Assignment7",
    "start": "03:30",
    "duration": 2,
    "importance": 61,
    "maellard": true
  },
  {
    "name": "Assignment8",
    "start": "04:00",
    "duration": 2,
    "importance": 24,
    "maellard": false
  },
  {
    "name": "Assignment9",
    "start": "04:30",
    "duration": 2,
    "importance": 22,
    "maellard": false
  },
  {
    "name": "Assignment10",
    "start": "05:00",
    "duration": 1,
    "importance": 71,
    "maellard": false
  },
  {
    "name": "Assignment11",
    "start": "05:30",
    "duration": 2,
    "importance": 6,
    "maellard": false
  },
  {
    "name": "Assignment12",
    "start": "06:00",
    "duration": 1,
    "importance": 94,
    "maellard": false
  },
  {
    "name": "Assignment13",
    "start": "06:30",
    "duration": 1,
    "importance": 48,
    "maellard": false
  },
  {
    "name": "Assignment14",
    "start": "07:00",
    "duration": 1,
    "importance": 97,
    "maellard": false
  },
  {
    "name": "Assignment15",
    "start": "07:30",
    "duration": 2,
    "importance": 59,
    "maellard": true
  },
  {
    "name": "Assignment16",
    "start": "08:00",
    "duration": 2,
    "importance": 87,
    "maellard": false
  },
  {
    "name": "Assignment17",
    "start": "08:30",
    "duration": 1,
    "importance": 51,
    "maellard": true
  },
  {
    "name": "Assignment18",
    "start": "09:00",
    "duration": 1,
    "importance": 19,
    "maellard": false
  },
  {
    "name": "Assignment19",
    "start": "09:30",
    "duration": 1,
    "importance": 49,
    "maellard": true
  },
  {
    "name": "Assignment20",
    "start": "10:00",
    "duration": 2,
    "importance": 58,
    "maellard": true
  },
  {
    "name": "Assignment21",
    "start": "10:30",
    "duration": 2,
    "importance": 10,
    "maellard": true
  },
  {
    "name": "Assignment22",
    "start": "11:00",
    "duration": 2,
    "importance": 0,
    "maellard": true
  },
  {
    "name": "Assignment23",
    "start": "11:30",
    "duration": 1,
    "importance": 93,
    "maellard": false
  },
  {
    "name": "Assignment24",
    "start": "12:00",
    "duration": 2,
    "importance": 2,
    "maellard": true
  },
  {
    "name": "Assignment25",
    "start": "12:30",
    "duration": 1,
    "importance": 60,
    "maellard": false
  },
  {
    "name": "Assignment26",
    "start": "13:00",
    "duration": 2,
    "importance": 23,
    "maellard": false
  },
  {
    "name": "Assignment27",
    "start": "13:30",
    "duration": 2,
    "importance": 11,
    "maellard": true
  },
  {
    "name": "Assignment28",
    "start": "14:00",
    "duration": 2,
    "importance": 55,
    "maellard": true
  },
  {
    "name": "Assignment29",
    "start": "14:30",
    "duration": 1,
    "importance": 58,
    "maellard": false
  }
]