[
  {
    "name": "Assignment3",
    "start": "01:30",
    "duration": 2,
    "importance": 85,
    "maellard": true
  },
  {
    "name": "Assignment7",
    "start": "03:30",
    "duration": 2,
    "importance": 61,
    "maellard": true
  },
  {
    "name": "Assignment12",
    "start": "06:00",
    "duration": 1,
    "importance": 94,
    "maellard": false
  },
  {
    "name": "Assignment14",
    "start": "07:00",
    "duration": 1,
    "importance": 97,
    "maellard": false
  },
  {
    "name": "Assignment17",
    "start": "08:30",
    "duration": 1,
    "importance": 51,
    "maellard": true
  },
  {
    "name": "Assignment19",
    "start": "09:30",
    "duration": 1,
    "importance": 49,
    "maellard": true
  },
  {
    "name": "Assignment21",
    "start": "10:30",
    "duration": 2,
    "importance": 10,
    "maellard": true
  },
  {
    "name": "Assignment25",
    "start": "12:30",
    "duration": 1,
    "importance": 60,
    "maellard": false
  },
  {
    "name": "Assignment28",
    "start": "14:00",
    "duration": 2,
    "importance": 55,
    "maellard": true
  }
]