[
  {
    "name": "Assignment0",
    "start": "00:00",
    "duration": 1,
    "importance": 78,
    "maellard": true
  },
  {
    "name": "Assignment1",
    "start": "00:30",
    "duration": 2,
    "importance": 77,
    "maellard": true
  },
  {
    "name": "Assignment2",
    "start": "01:00",
    "duration": 1,
    "importance": 91,
    "maellard": true
  },
  {
    "name": "Assignment3",
    "start": "01:30",
    "duration": 2,
    "importance": 99,
    "maellard": false
  },
  {
    "name": "Assignment4",
    "start": "02:00",
    "duration": 2,
    "importance": 87,
    "maellard": false
  },
  {
    "name": "Assignment5",
    "start": "02:30",
    "duration": 1,
    "importance": 1,
    "maellard": true
  },
  {
    "name": "Assignment6",
    "start": "03:00",
    "duration": 2,
    "importance": 23,
    "maellard": false
  },
  {
    "name": "Assignment7",
    "start": "03:30",
    "duration": 2,
    "importance": 59,
    "maellard": true
  },
  {
    "name": "Assignment8",
    "start": "04:00",
    "duration": 2,
    "importance": 17,
    "maellard": true
  },
  {
    "name": "Assignment9",
    "start": "04:30",
    "duration": 2,
    "importance": 62,
    "maellard": true
  },
  {
    "name": "Assignment10",
    "start": "05:00",
    "duration": 2,
    "importance": 45,
    "maellard": false
  },
  {
    "name": "Assignment11",
    "start": "05:30",
    "duration": 2,
    "importance": 0,
    "maellard": false
  },
  {
    "name": "Assignment12",
    "start": "06:00",
    "duration": 2,
    "importance": 77,
    "maellard": true
  },
  {
    "name": "Assignment13",
    "start": "06:30",
    "duration": 2,
    "importance": 73,
    "maellard": true
  },
  {
    "name": "Assignment14",
    "start": "07:00",
    "duration": 2,
    "importance": 71,
    "maellard": false
  },
  {
    "name": "Assignment15",
    "start": "07:30",
    "duration": 1,
    "importance": 14,
    "maellard": false
  },
  {
    "name": "Assignment16",
    "start": "08:00",
    "duration": 2,
    "importance": 36,
    "maellard": false
  },
  {
    "name": "Assignment17",
    "start": "08:30",
    "duration": 2,
    "importance": 25,
    "maellard": true
  },
  {
    "name": "Assignment18",
    "start": "09:00",
    "duration": 2,
    "importance": 87,
    "maellard": false
  },
  {
    "name": "Assignment19",
    "start": "09:30",
    "duration": 2,
    "importance": 46,
    "maellard": false
  }
]