[
  {
    "name": "Assignment0",
    "start": "00:00",
    "duration": 1,
    "importance": 78,
    "maellard": true
  },
  {
    "name": "Assignment2",
    "start": "01:00",
    "duration": 1,
    "importance": 91,
    "maellard": true
  },
  {
    "name": "Assignment5",
    "start": "02:30",
    "duration": 1,
    "importance": 1,
    "maellard": true
  },
  {
    "name": "Assignment7",
    "start": "03:30",
    "duration": 2,
    "importance": 59,
    "maellard": true
  },
  {
    "name": "Assignment11",
    "start": "05:30",
    "duration": 2,
    "importance": 0,
    "maellard": false
  },
  {
    "name": "Assignment15",
    "start": "07:30",
    "duration": 1,
    "importance": 14,
    "maellard": false
  },
  {
    "name": "Assignment17",
    "start": "08:30",
    "duration": 2,
    "importance": 25,
    "maellard": true
  }
]