[
  {
    "name": "Assignment0",
    "start": "00:00",
    "duration": 2,
    "importance": 93,
    "maellard": true
  },
  {
    "name": "Assignment1",
    "start": "00:30",
    "duration": 1,
    "importance": 66,
    "maellard": true
  },
  {
    "name": "Assignment2",
    "start": "01:00",
    "duration": 2,
    "importance": 94,
    "maellard": true
  },
  {
    "name": "Assignment3",
    "start": "01:30",
    "duration": 2,
    "importance": 52,
    "maellard": true
  },
  {
    "name": "Assignment4",
    "start": "02:00",
    "duration": 1,
    "importance": 62,
    "maellard": true
  },
  {
    "name": "Assignment5",
    "start": "02:30",
    "duration": 2,
    "importance": 51,
    "maellard": true
  },
  {
    "name": "Assignment6",
    "start": "03:00",
    "duration": 2,
    "importance": 83,
    "maellard": false
  },
  {
    "name": "Assignment7",
    "start": "03:30",
    "duration": 1,
    "importance": 75,
    "maellard": false
  },
  {
    "name": "Assignment8",
    "start": "04:00",
    "duration": 1,
    "importance": 11,
    "maellard": true
  },
  {
    "name": "Assignment9",
    "start": "04:30",
    "duration": 1,
    "importance": 73,
    "maellard": true
  },
  {
    "name": "Assignment10",
    "start": "05:00",
    "duration": 1,
    "importance": 79,
    "maellard": true
  },
  {
    "name": "Assignment11",
    "start": "05:30",
    "duration": 1,
    "importance": 83,
    "maellard": true
  },
  {
    "name": "Assignment12",
    "start": "06:00",
    "duration": 1,
    "importance": 22,
    "maellard": false
  },
  {
    "name": "Assignment13",
    "start": "06:30",
    "duration": 1,
    "importance": 40,
    "maellard": true
  },
  {
    "name": "Assignment14",
    "start": "07:00",
    "duration": 1,
    "importance": 69,
    "maellard": false
  },
  {
    "name": "Assignment15",
    "start": "07:30",
    "duration": 1,
    "importance": 56,
    "maellard": false
  },
  {
    "name": "Assignment16",
    "start": "08:00",
    "duration": 1,
    "importance": 76,
    "maellard": true
  },
  {
    "name": "Assignment17",
    "start": "08:30",
    "duration": 2,
    "importance": 88,
    "maellard": true
  },
  {
    "name": "Assignment18",
    "start": "09:00",
    "duration": 2,
    "importance": 73,
    "maellard": false
  },
  {
    "name": "Assignment19",
    "start": "09:30",
    "duration": 2,
    "importance": 6,
    "maellard": false
  },
  {
    "name": "Assignment20",
    "start": "10:00",
    "duration": 2,
    "importance": 81,
    "maellard": true
  },
  {
    "name": "Assignment21",
    "start": "10:30",
    "duration": 2,
    "importance": 67,
    "maellard": true
  },
  {
    "name": "Assignment22",
    "start": "11:00",
    "duration": 1,
    "importance": 40,
    "maellard": false
  },
  {
    "name": "Assignment23",
    "start": "11:30",
    "duration": 1,
    "importance": 39,
    "maellard": true
  },
  {
    "name": "Assignment24",
    "start": "12:00",
    "duration": 2,
    "importance": 37,
    "maellard": true
  },
  {
    "name": "Assignment25",
    "start": "12:30",
    "duration": 1,
    "importance": 70,
    "maellard": false
  },
  {
    "name": "Assignment26",
    "start": "13:00",
    "duration": 1,
    "importance": 43,
    "maellard": false
  },
  {
    "name": "Assignment27",
    "start": "13:30",
    "duration": 2,
    "importance": 44,
    "maellard": false
  },
  {
    "name": "Assignment28",
    "start": "14:00",
    "duration": 2,
    "importance": 92,
    "maellard": true
  },
  {
    "name": "Assignment29",
    "start": "14:30",
    "duration": 1,
    "importance": 20,
    "maellard": false
  }
]