[
  {
    "name": "Assignment1",
    "start": "00:30",
    "duration": 1,
    "importance": 66,
    "maellard": true
  },
  {
    "name": "Assignment4",
    "start": "02:00",
    "duration": 1,
    "importance": 62,
    "maellard": true
  },
  {
    "name": "Assignment7",
    "start": "03:30",
    "duration": 1,
    "importance": 75,
    "maellard": false
  },
  {
    "name": "Assignment9",
    "start": "04:30",
    "duration": 1,
    "importance": 73,
    "maellard": true
  },
  {
    "name": "Assignment11",
    "start": "05:30",
    "duration": 1,
    "importance": 83,
    "maellard": true
  },
  {
    "name": "Assignment13",
    "start": "06:30",
    "duration": 1,
    "importance": 40,
    "maellard": true
  },
  {
    "name": "Assignment16",
    "start": "08:00",
    "duration": 1,
    "importance": 76,
    "maellard": true
  },
  {
    "name": "Assignment20",
    "start": "10:00",
    "duration": 2,
    "importance": 81,
    "maellard": true
  },
  {
    "name": "Assignment24",
    "start": "12:00",
    "duration": 2,
    "importance": 37,
    "maellard": true
  },
  {
    "name": "Assignment28",
    "start": "14:00",
    "duration": 2,
    "importance": 92,
    "maellard": true
  }
]