[
  {
    "name": "Assignment1",
    "start": "00:30",
    "duration": 1,
    "importance": 66,
    "maellard": true
  },
  {
    "name": "Assignment4",
    "start": "02:00",
    "duration": 1,
    "importance": 62,
    "maellard": true
  },
  {
    "name": "Assignment7",
    "start": "03:30",
    "duration": 1,
    "importance": 75,
    "maellard": false
  },
  {
    "name": "Assignment9",
    "start": "04:30",
    "duration": 1,
    "importance": 73,
    "maellard": true
  },
  {
    "name": "Assignment11",
    "start": "05:30",
    "duration": 1,
    "importance": 83,
    "maellard": true
  },
  {
    "name": "Assignment13",
    "start": "06:30",
    "duration": 1,
    "importance": 40,
    "maellard": true
  },
  {
    "name": "Assignment15",
    "start": "07:30",
    "duration": 1,
    "importance": 56,
    "maellard": false
  },
  {
    "name": "Assignment17",
    "start": "08:30",
    "duration": 2,
    "importance": 88,
    "maellard": true
  },
  {
    "name": "Assignment22",
    "start": "11:00",
    "duration": 1,
    "importance": 40,
    "maellard": false
  },
  {
    "name": "Assignment25",
    "start": "12:30",
    "duration": 1,
    "importance": 70,
    "maellard": false
  },
  {
    "name": "Assignment27",
    "start": "13:30",
    "duration": 2,
    "importance": 44,
    "maellard": false
  }
]