[
  {
    "name": "Assignment0",
    "start": "00:00",
    "duration": 2,
    "importance": 36,
    "maellard": true
  },
  {
    "name": "Assignment1",
    "start": "00:30",
    "duration": 2,
    "importance": 30,
    "maellard": false
  },
  {
    "name": "Assignment2",
    "start": "01:00",
    "duration": 2,
    "importance": 31,
    "maellard": false
  },
  {
    "name": "Assignment3",
    "start": "01:30",
    "duration": 1,
    "importance": 80,
    "maellard": false
  },
  {
    "name": "Assignment4",
    "start": "02:00",
    "duration": 1,
    "importance": 84,
    "maellard": false
  },
  {
    "name": "Assignment5",
    "start": "02:30",
    "duration": 2,
    "importance": 1,
    "maellard": true
  },
  {
    "name": "Assignment6",
    "start": "03:00",
    "duration": 1,
    "importance": 83,
    "maellard": false
  },
  {
    "name": "Assignment7",
    "start": "03:30",
    "duration": 1,
    "importance": 49,
    "maellard": false
  },
  {
    "name": "Assignment8",
    "start": "04:00",
    "duration": 2,
    "importance": 58,
    "maellard": false
  },
  {
    "name": "Assignment9",
    "start": "04:30",
    "duration": 1,
    "importance": 60,
    "maellard": false
  },
  {
    "name": "Assignment10",
    "start": "05:00",
    "duration": 1,
    "importance": 72,
    "maellard": true
  },
  {
    "name": "Assignment11",
    "start": "05:30",
    "duration": 2,
    "importance": 93,
    "maellard": false
  },
  {
    "name": "Assignment12",
    "start": "06:00",
    "duration": 1,
    "importance": 22,
    "maellard": false
  },
  {
    "name": "Assignment13",
    "start": "06:30",
    "duration": 2,
    "importance": 91,
    "maellard": false
  },
  {
    "name": "Assignment14",
    "start": "07:00",
    "duration": 2,
    "importance": 72,
    "maellard": false
  },
  {
    "name": "Assignment15",
    "start": "07:30",
    "duration": 2,
    "importance": 10,
    "maellard": true
  },
  {
    "name": "Assignment16",
    "start": "08:00",
    "duration": 2,
    "importance": 18,
    "maellard": false
  },
  {
    "name": "Assignment17",
    "start": "08:30",
    "duration": 2,
    "importance": 3,
    "maellard": false
  },
  {
    "name": "Assignment18",
    "start": "09:00",
    "duration": 1,
    "importance": 82,
    "maellard": false
  },
  {
    "name": "Assignment19",
    "start": "09:30",
    "duration": 1,
    "importance": 38,
    "maellard": false
  }
]