[
  {
    "name": "Assignment0",
    "start": "00:00",
    "duration": 2,
    "importance": 36,
    "maellard": true
  },
  {
    "name": "Assignment4",
    "start": "02:00",
    "duration": 1,
    "importance": 84,
    "maellard": false
  },
  {
    "name": "Assignment6",
    "start": "03:00",
    "duration": 1,
    "importance": 83,
    "maellard": false
  },
  {
    "name": "Assignment9",
    "start": "04:30",
    "duration": 1,
    "importance": 60,
    "maellard": false
  },
  {
    "name": "Assignment12",
    "start": "06:00",
    "duration": 1,
    "importance": 22,
    "maellard": false
  },
  {
    "name": "Assignment14",
    "start": "07:00",
    "duration": 2,
    "importance": 72,
    "maellard": false
  },
  {
    "name": "Assignment18",
    "start": "09:00",
    "duration": 1,
    "importance": 82,
    "maellard": false
  }
]