[
  {
    "name": "Assignment0",
    "start": "00:00",
    "duration": 2,
    "importance": 36,
    "maellard": true
  },
  {
    "name": "Assignment5",
    "start": "02:30",
    "duration": 2,
    "importance": 1,
    "maellard": true
  },
  {
    "name": "Assignment10",
    "start": "05:00",
    "duration": 1,
    "importance": 72,
    "maellard": true
  },
  {
    "name": "Assignment12",
    "start": "06:00",
    "duration": 1,
    "importance": 22,
    "maellard": false
  },
  {
    "name": "Assignment15",
    "start": "07:30",
    "duration": 2,
    "importance": 10,
    "maellard": true
  },
  {
    "name": "Assignment19",
    "start": "09:30",
    "duration": 1,
    "importance": 38,
    "maellard": false
  }
]