[
  {
    "name": "Assignment0",
    "start": "00:00",
    "duration": 1,
    "importance": 57,
    "maellard": true
  },
  {
    "name": "Assignment1",
    "start": "00:30",
    "duration": 1,
    "importance": 83,
    "maellard": true
  },
  {
    "name": "Assignment2",
    "start": "01:00",
    "duration": 1,
    "importance": 82,
    "maellard": false
  },
  {
    "name": "Assignment3",
    "start": "01:30",
    "duration": 2,
    "importance": 36,
    "maellard": true
  },
  {
    "name": "Assignment4",
    "start": "02:00",
    "duration": 1,
    "importance": 74,
    "maellard": true
  },
  {
    "name": "Assignment5",
    "start": "02:30",
    "duration": 1,
    "importance": 71,
    "maellard": false
  },
  {
    "name": "Assignment6",
    "start": "03:00",
    "duration": 2,
    "importance": 68,
    "maellard": false
  },
  {
    "name": "Assignment7",
    "start": "03:30",
    "duration": 1,
    "importance": 20,
    "maellard": true
  },
  {
    "name": "Assignment8",
    "start": "04:00",
    "duration": 2,
    "importance": 44,
    "maellard": true
  },
  {
    "name": "Assignment9",
    "start": "04:30",
    "duration": 1,
    "importance": 46,
    "maellard": false
  },
  {
    "name": "Assignment10",
    "start": "05:00",
    "duration": 2,
    "importance": 3,
    "maellard": true
  },
  {
    "name": "Assignment11",
    "start": "05:30",
    "duration": 2,
    "importance": 35,
    "maellard": false
  },
  {
    "name": "Assignment12",
    "start": "06:00",
    "duration": 1,
    "importance": 20,
    "maellard": false
  },
  {
    "name": "Assignment13",
    "start": "06:30",
    "duration": 2,
    "importance": 64,
    "maellard": true
  },
  {
    "name": "Assignment14",
    "start": "07:00",
    "duration": 1,
    "importance": 63,
    "maellard": true
  },
  {
    "name": "Assignment15",
    "start": "07:30",
    "duration": 2,
    "importance": 41,
    "maellard": false
  },
  {
    "name": "Assignment16",
    "start": "08:00",
    "duration": 2,
    "importance": 48,
    "maellard": true
  },
  {
    "name": "Assignment17",
    "start": "08:30",
    "duration": 1,
    "importance": 85,
    "maellard": true
  },
  {
    "name": "Assignment18",
    "start": "09:00",
    "duration": 2,
    "importance": 90,
    "maellard": true
  },
  {
    "name": "Assignment19",
    "start": "09:30",
    "duration": 2,
    "importance": 15,
    "maellard": true
  },
  {
    "name": "Assignment20",
    "start": "10:00",
    "duration": 2,
    "importance": 36,
    "maellard": true
  },
  {
    "name": "Assignment21",
    "start": "10:30",
    "duration": 2,
    "importance": 81,
    "maellard": true
  },
  {
    "name": "Assignment22",
    "start": "11:00",
    "duration": 1,
    "importance": 9,
    "maellard": false
  },
  {
    "name": "Assignment23",
    "start": "11:30",
    "duration": 2,
    "importance": 50,
    "maellard": false
  },
  {
    "name": "Assignment24",
    "start": "12:00",
    "duration": 1,
    "importance": 90,
    "maellard": false
  },
  {
    "name": "Assignment25",
    "start": "12:30",
    "duration": 1,
    "importance": 79,
    "maellard": false
  },
  {
    "name": "Assignment26",
    "start": "13:00",
    "duration": 2,
    "importance": 60,
    "maellard": false
  },
  {
    "name": "Assignment27",
    "start": "13:30",
    "duration": 1,
    "importance": 60,
    "maellard": false
  },
  {
    "name": "Assignment28",
    "start": "14:00",
    "duration": 1,
    "importance": 16,
    "maellard": false
  },
  {
    "name": "Assignment29",
    "start": "14:30",
    "duration": 1,
    "importance": 30,
    "maellard": true
  },
  {
    "name": "Assignment30",
    "start": "15:00",
    "duration": 1,
    "importance": 16,
    "maellard": true
  },
  {
    "name": "Assignment31",
    "start": "15:30",
    "duration": 2,
    "importance": 49,
    "maellard": true
  },
  {
    "name": "Assignment32",
    "start": "16:00",
    "duration": 1,
    "importance": 70,
    "maellard": false
  },
  {
    "name": "Assignment33",
    "start": "16:30",
    "duration": 1,
    "importance": 32,
    "maellard": false
  },
  {
    "name": "Assignment34",
    "start": "17:00",
    "duration": 2,
    "importance": 42,
    "maellard": false
  },
  {
    "name": "Assignment35",
    "start": "17:30",
    "duration": 2,
    "importance": 94,
    "maellard": false
  },
  {
    "name": "Assignment36",
    "start": "18:00",
    "duration": 1,
    "importance": 74,
    "maellard": false
  },
  {
    "name": "Assignment37",
    "start": "18:30",
    "duration": 2,
    "importance": 42,
    "maellard": false
  },
  {
    "name": "Assignment38",
    "start": "19:00",
    "duration": 1,
    "importance": 51,
    "maellard": true
  },
  {
    "name": "Assignment39",
    "start": "19:30",
    "duration": 1,
    "importance": 13,
    "maellard": false
  }
]