[
  {
    "name": "Assignment1",
    "start": "00:30",
    "duration": 1,
    "importance": 83,
    "maellard": true
  },
  {
    "name": "Assignment4",
    "start": "02:00",
    "duration": 1,
    "importance": 74,
    "maellard": true
  },
  {
    "name": "Assignment8",
    "start": "04:00",
    "duration": 2,
    "importance": 44,
    "maellard": true
  },
  {
    "name": "Assignment12",
    "start": "06:00",
    "duration": 1,
    "importance": 20,
    "maellard": false
  },
  {
    "name": "Assignment14",
    "start": "07:00",
    "duration": 1,
    "importance": 63,
    "maellard": true
  },
  {
    "name": "Assignment17",
    "start": "08:30",
    "duration": 1,
    "importance": 85,
    "maellard": true
  },
  {
    "name": "Assignment21",
    "start": "10:30",
    "duration": 2,
    "importance": 81,
    "maellard": true
  },
  {
    "name": "Assignment25",
    "start": "12:30",
    "duration": 1,
    "importance": 79,
    "maellard": false
  },
  {
    "name": "Assignment27",
    "start": "13:30",
    "duration": 1,
    "importance": 60,
    "maellard": false
  },
  {
    "name": "Assignment29",
    "start": "14:30",
    "duration": 1,
    "importance": 30,
    "maellard": true
  },
  {
    "name": "Assignment31",
    "start": "15:30",
    "duration": 2,
    "importance": 49,
    "maellard": true
  },
  {
    "name": "Assignment36",
    "start": "18:00",
    "duration": 1,
    "importance": 74,
    "maellard": false
  },
  {
    "name": "Assignment38",
    "start": "19:00",
    "duration": 1,
    "importance": 51,
    "maellard": true
  }
]