[
  {
    "name": "Assignment0",
    "start": "00:00",
    "duration": 1,
    "importance": 57,
    "maellard": true
  },
  {
    "name": "Assignment2",
    "start": "01:00",
    "duration": 1,
    "importance": 82,
    "maellard": false
  },
  {
    "name": "Assignment4",
    "start": "02:00",
    "duration": 1,
    "importance": 74,
    "maellard": true
  },
  {
    "name": "Assignment7",
    "start": "03:30",
    "duration": 1,
    "importance": 20,
    "maellard": true
  },
  {
    "name": "Assignment9",
    "start": "04:30",
    "duration": 1,
    "importance": 46,
    "maellard": false
  },
  {
    "name": "Assignment12",
    "start": "06:00",
    "duration": 1,
    "importance": 20,
    "maellard": false
  },
  {
    "name": "Assignment14",
    "start": "07:00",
    "duration": 1,
    "importance": 63,
    "maellard": true
  },
  {
    "name": "Assignment17",
    "start": "08:30",
    "duration": 1,
    "importance": 85,
    "maellard": true
  },
  {
    "name": "Assignment19",
    "start": "09:30",
    "duration": 2,
    "importance": 15,
    "maellard": true
  },
  {
    "name": "Assignment24",
    "start": "12:00",
    "duration": 1,
    "importance": 90,
    "maellard": false
  },
  {
    "name": "Assignment27",
    "start": "13:30",
    "duration": 1,
    "importance": 60,
    "maellard": false
  },
  {
    "name": "Assignment29",
    "start": "14:30",
    "duration": 1,
    "importance": 30,
    "maellard": true
  },
  {
    "name": "Assignment32",
    "start": "16:00",
    "duration": 1,
    "importance": 70,
    "maellard": false
  },
  {
    "name": "Assignment34",
    "start": "17:00",
    "duration": 2,
    "importance": 42,
    "maellard": false
  },
  {
    "name": "Assignment38",
    "start": "19:00",
    "duration": 1,
    "importance": 51,
    "maellard": true
  }
]