[
  {
    "name": "Rake the leaves",
    "start": "09:00",
    "duration": 3,
    "importance": 30,
    "maellard": false
  },
  {
    "name": "Refill vending machines",
    "start": "12:00",
    "duration": 1,
    "importance": 45,
    "maellard": false
  },
  {
    "name": "Wash Benson's car",
    "start": "16:00",
    "duration": 1,
    "importance": 12,
    "maellard": false
  },
  {
    "name": "Organize a movie night",
    "start": "17:00",
    "duration": 1,
    "importance": 6,
    "maellard": false
  }
]