[
  {
    "name": "Assignment0",
    "start": "00:00",
    "duration": 1,
    "importance": 97,
    "maellard": false
  },
  {
    "name": "Assignment2",
    "start": "01:00",
    "duration": 1,
    "importance": 43,
    "maellard": true
  },
  {
    "name": "Assignment4",
    "start": "02:00",
    "duration": 1,
    "importance": 98,
    "maellard": false
  },
  {
    "name": "Assignment7",
    "start": "03:30",
    "duration": 1,
    "importance": 85,
    "maellard": true
  },
  {
    "name": "Assignment9",
    "start": "04:30",
    "duration": 2,
    "importance": 50,
    "maellard": true
  },
  {
    "name": "Assignment13",
    "start": "06:30",
    "duration": 1,
    "importance": 90,
    "maellard": false
  },
  {
    "name": "Assignment17",
    "start": "08:30",
    "duration": 1,
    "importance": 11,
    "maellard": true
  },
  {
    "name": "Assignment20",
    "start": "10:00",
    "duration": 2,
    "importance": 41,
    "maellard": true
  },
  {
    "name": "Assignment26",
    "start": "13:00",
    "duration": 1,
    "importance": 46,
    "maellard": true
  },
  {
    "name": "Assignment29",
    "start": "14:30",
    "duration": 1,
    "importance": 96,
    "maellard": false
  }
]