[{"request":{"lrlon":-122.19325984084088,"ullon":-122.27492774092633,"w":1903.0,"h":969.0,"ullat":37.877357461061074,"lrlat":37.844524488799564},"response":{"raster_ul_lon":-122.27783203125,"depth":3,"raster_lr_lon":-122.2119140625,"render_grid":[["img/123.png","img/124.png","img/213.png","img/214.png","img/223.png","img/224.png"],["img/141.png","img/142.png","img/231.png","img/232.png","img/241.png","img/242.png"],["img/143.png","img/144.png","img/233.png","img/234.png","img/243.png","img/244.png"],["img/321.png","img/322.png","img/411.png","img/412.png","img/421.png","img/422.png"],["img/323.png","img/324.png","img/413.png","img/414.png","img/423.png","img/424.png"]],"raster_lr_lat":37.84015071195677,"raster_ul_lat":37.88352140802976,"query_success":true}},{"request":{"lrlon":-122.20307924228567,"ullon":-122.26510833948154,"w":1903.0,"h":969.0,"ullat":37.87235746106107,"lrlat":37.84952448879957},"response":{"raster_ul_lon":-122.266845703125,"depth":4,"raster_lr_lon":-122.2119140625,"render_grid":[["img/1421.png","img/1422.png","img/2311.png","img/2312.png","img/2321.png","img/2322.png","img/2411.png","img/2412.png","img/2421.png","img/2422.png"],["img/1423.png","img/1424.png","img/2313.png","img/2314.png","img/2323.png","img/2324.png","img/2413.png","img/2414.png","img/2423.png","img/2424.png"],["img/1441.png","img/1442.png","img/2331.png","img/2332.png","img/2341.png","img/2342.png","img/2431.png","img/2432.png","img/2441.png","img/2442.png"],["img/1443.png","img/1444.png","img/2333.png","img/2334.png","img/2343.png","img/2344.png","img/2433.png","img/2434.png","img/2443.png","img/2444.png"],["img/3221.png","img/3222.png","img/4111.png","img/4112.png","img/4121.png","img/4122.png","img/4211.png","img/4212.png","img/4221.png","img/4222.png"],["img/3223.png","img/3224.png","img/4113.png","img/4114.png","img/4123.png","img/4124.png","img/4213.png","img/4214.png","img/4223.png","img/4224.png"]],"raster_lr_lat":37.848824851171365,"raster_ul_lat":37.87484726881516,"query_success":true}},{"request":{"lrlon":-122.22918409016121,"ullon":-122.26019863875915,"w":1903.0,"h":969.0,"ullat":37.86985746106107,"lrlat":37.85844097493032},"response":{"raster_ul_lon":-122.2613525390625,"depth":5,"raster_lr_lon":-122.2283935546875,"render_grid":[["img/14241.png","img/14242.png","img/23131.png","img/23132.png","img/23141.png","img/23142.png","img/23231.png","img/23232.png","img/23241.png","img/23242.png","img/24131.png","img/24132.png"],["img/14243.png","img/14244.png","img/23133.png","img/23134.png","img/23143.png","img/23144.png","img/23233.png","img/23234.png","img/23243.png","img/23244.png","img/24133.png","img/24134.png"],["img/14421.png","img/14422.png","img/23311.png","img/23312.png","img/23321.png","img/23322.png","img/23411.png","img/23412.png","img/23421.png","img/23422.png","img/24311.png","img/24312.png"],["img/14423.png","img/14424.png","img/23313.png","img/23314.png","img/23323.png","img/23324.png","img/23413.png","img/23414.png","img/23423.png","img/23424.png","img/24313.png","img/24314.png"],["img/14441.png","img/14442.png","img/23331.png","img/23332.png","img/23341.png","img/23342.png","img/23431.png","img/23432.png","img/23441.png","img/23442.png","img/24331.png","img/24332.png"],["img/14443.png","img/14444.png","img/23333.png","img/23334.png","img/23343.png","img/23344.png","img/23433.png","img/23434.png","img/23443.png","img/23444.png","img/24333.png","img/24334.png"]],"raster_lr_lat":37.85749899038596,"raster_ul_lat":37.87051019920786,"query_success":true}},{"request":{"lrlon":-122.24155192168762,"ullon":-122.26196889670898,"w":1903.0,"h":969.0,"ullat":37.867739751291886,"lrlat":37.85953150822651},"response":{"raster_ul_lon":-122.26409912109375,"depth":5,"raster_lr_lon":-122.2393798828125,"render_grid":[["img/14234.png","img/14243.png","img/14244.png","img/23133.png","img/23134.png","img/23143.png","img/23144.png","img/23233.png","img/23234.png"],["img/14412.png","img/14421.png","img/14422.png","img/23311.png","img/23312.png","img/23321.png","img/23322.png","img/23411.png","img/23412.png"],["img/14414.png","img/14423.png","img/14424.png","img/23313.png","img/23314.png","img/23323.png","img/23324.png","img/23413.png","img/23414.png"],["img/14432.png","img/14441.png","img/14442.png","img/23331.png","img/23332.png","img/23341.png","img/23342.png","img/23431.png","img/23432.png"],["img/14434.png","img/14443.png","img/14444.png","img/23333.png","img/23334.png","img/23343.png","img/23344.png","img/23433.png","img/23434.png"]],"raster_lr_lat":37.85749899038596,"raster_ul_lat":37.86834166440421,"query_success":true}},{"request":{"lrlon":-122.23664884360839,"ullon":-122.25706581862975,"w":1903.0,"h":969.0,"ullat":37.86650300878668,"lrlat":37.858294765721304},"response":{"raster_ul_lon":-122.25860595703125,"depth":5,"raster_lr_lon":-122.23663330078125,"render_grid":[["img/14244.png","img/23133.png","img/23134.png","img/23143.png","img/23144.png","img/23233.png","img/23234.png","img/23243.png"],["img/14422.png","img/23311.png","img/23312.png","img/23321.png","img/23322.png","img/23411.png","img/23412.png","img/23421.png"],["img/14424.png","img/23313.png","img/23314.png","img/23323.png","img/23324.png","img/23413.png","img/23414.png","img/23423.png"],["img/14442.png","img/23331.png","img/23332.png","img/23341.png","img/23342.png","img/23431.png","img/23432.png","img/23441.png"],["img/14444.png","img/23333.png","img/23334.png","img/23343.png","img/23344.png","img/23433.png","img/23434.png","img/23443.png"]],"raster_lr_lat":37.85749899038596,"raster_ul_lat":37.86834166440421,"query_success":true}},{"request":{"lrlon":-122.23323707374145,"ullon":-122.25365404876281,"w":1903.0,"h":969.0,"ullat":37.870696074129675,"lrlat":37.8624878310643},"response":{"raster_ul_lon":-122.255859375,"depth":5,"raster_lr_lon":-122.23114013671875,"render_grid":[["img/23113.png","img/23114.png","img/23123.png","img/23124.png","img/23213.png","img/23214.png","img/23223.png","img/23224.png","img/24113.png"],["img/23131.png","img/23132.png","img/23141.png","img/23142.png","img/23231.png","img/23232.png","img/23241.png","img/23242.png","img/24131.png"],["img/23133.png","img/23134.png","img/23143.png","img/23144.png","img/23233.png","img/23234.png","img/23243.png","img/23244.png","img/24133.png"],["img/23311.png","img/23312.png","img/23321.png","img/23322.png","img/23411.png","img/23412.png","img/23421.png","img/23422.png","img/24311.png"],["img/23313.png","img/23314.png","img/23323.png","img/23324.png","img/23413.png","img/23414.png","img/23423.png","img/23424.png","img/24313.png"]],"raster_lr_lat":37.861836059993266,"raster_ul_lat":37.87267873401151,"query_success":true}}]