{"c":"e","mid":{"c":"l","mid":{"c":"i","mid":{"c":"c","mid":{"c":"a","mid":{"c":"m","mid":{"c":"p","mid":{"c":"o","mid":{"c":"s","val":{}}}}}}}}},"right":{"c":"f","mid":{"c":"r","mid":{"c":"a","mid":{"c":"n","mid":{"c":"k","mid":{"c":"l","mid":{"c":"i","mid":{"c":"n","mid":{"c":"n","mid":{"c":"e","mid":{"c":"l","mid":{"c":"s","mid":{"c":"o","mid":{"c":"n","val":{}}}}}}}}}}}}}},"right":{"c":"r","mid":{"c":"e","mid":{"c":"b","mid":{"c":"e","mid":{"c":"c","mid":{"c":"c","mid":{"c":"a","mid":{"c":"m","mid":{"c":"c","mid":{"c":"l","mid":{"c":"a","mid":{"c":"u","mid":{"c":"g","mid":{"c":"h","mid":{"c":"l","mid":{"c":"i","mid":{"c":"n","val":{}}}}}}}}}}}}}}}}}}}}