[
  {
    "name": "Assignment0",
    "start": "00:00",
    "duration": 1,
    "importance": 0,
    "maellard": true
  },
  {
    "name": "Assignment2",
    "start": "01:00",
    "duration": 1,
    "importance": 38,
    "maellard": true
  },
  {
    "name": "Assignment4",
    "start": "02:00",
    "duration": 1,
    "importance": 41,
    "maellard": true
  },
  {
    "name": "Assignment6",
    "start": "03:00",
    "duration": 1,
    "importance": 80,
    "maellard": false
  },
  {
    "name": "Assignment8",
    "start": "04:00",
    "duration": 1,
    "importance": 44,
    "maellard": true
  },
  {
    "name": "Assignment10",
    "start": "05:00",
    "duration": 1,
    "importance": 16,
    "maellard": true
  },
  {
    "name": "Assignment12",
    "start": "06:00",
    "duration": 1,
    "importance": 40,
    "maellard": true
  },
  {
    "name": "Assignment14",
    "start": "07:00",
    "duration": 2,
    "importance": 60,
    "maellard": false
  },
  {
    "name": "Assignment19",
    "start": "09:30",
    "duration": 1,
    "importance": 27,
    "maellard": true
  },
  {
    "name": "Assignment21",
    "start": "10:30",
    "duration": 1,
    "importance": 25,
    "maellard": true
  },
  {
    "name": "Assignment23",
    "start": "11:30",
    "duration": 1,
    "importance": 41,
    "maellard": true
  },
  {
    "name": "Assignment25",
    "start": "12:30",
    "duration": 1,
    "importance": 96,
    "maellard": true
  },
  {
    "name": "Assignment28",
    "start": "14:00",
    "duration": 1,
    "importance": 57,
    "maellard": false
  }
]