[
  {
    "name": "Assignment0",
    "start": "00:00",
    "duration": 1,
    "importance": 0,
    "maellard": true
  },
  {
    "name": "Assignment2",
    "start": "01:00",
    "duration": 1,
    "importance": 38,
    "maellard": true
  },
  {
    "name": "Assignment4",
    "start": "02:00",
    "duration": 1,
    "importance": 41,
    "maellard": true
  },
  {
    "name": "Assignment6",
    "start": "03:00",
    "duration": 1,
    "importance": 80,
    "maellard": false
  },
  {
    "name": "Assignment9",
    "start": "04:30",
    "duration": 1,
    "importance": 54,
    "maellard": true
  },
  {
    "name": "Assignment11",
    "start": "05:30",
    "duration": 1,
    "importance": 85,
    "maellard": true
  },
  {
    "name": "Assignment13",
    "start": "06:30",
    "duration": 1,
    "importance": 34,
    "maellard": false
  },
  {
    "name": "Assignment17",
    "start": "08:30",
    "duration": 1,
    "importance": 89,
    "maellard": true
  },
  {
    "name": "Assignment19",
    "start": "09:30",
    "duration": 1,
    "importance": 27,
    "maellard": true
  },
  {
    "name": "Assignment21",
    "start": "10:30",
    "duration": 1,
    "importance": 25,
    "maellard": true
  },
  {
    "name": "Assignment23",
    "start": "11:30",
    "duration": 1,
    "importance": 41,
    "maellard": true
  },
  {
    "name": "Assignment25",
    "start": "12:30",
    "duration": 1,
    "importance": 96,
    "maellard": true
  },
  {
    "name": "Assignment29",
    "start": "14:30",
    "duration": 2,
    "importance": 29,
    "maellard": true
  }
]