[
  {
    "name": "Assignment0",
    "start": "00:00",
    "duration": 1,
    "importance": 60,
    "maellard": true
  },
  {
    "name": "Assignment1",
    "start": "00:30",
    "duration": 2,
    "importance": 3,
    "maellard": false
  },
  {
    "name": "Assignment2",
    "start": "01:00",
    "duration": 1,
    "importance": 40,
    "maellard": false
  },
  {
    "name": "Assignment3",
    "start": "01:30",
    "duration": 2,
    "importance": 60,
    "maellard": true
  },
  {
    "name": "Assignment4",
    "start": "02:00",
    "duration": 1,
    "importance": 49,
    "maellard": false
  },
  {
    "name": "Assignment5",
    "start": "02:30",
    "duration": 1,
    "importance": 88,
    "maellard": true
  },
  {
    "name": "Assignment6",
    "start": "03:00",
    "duration": 2,
    "importance": 27,
    "maellard": true
  },
  {
    "name": "Assignment7",
    "start": "03:30",
    "duration": 1,
    "importance": 0,
    "maellard": false
  },
  {
    "name": "Assignment8",
    "start": "04:00",
    "duration": 1,
    "importance": 97,
    "maellard": true
  },
  {
    "name": "Assignment9",
    "start": "04:30",
    "duration": 1,
    "importance": 4,
    "maellard": true
  }
]