[
  {
    "name": "Assignment0",
    "start": "00:00",
    "duration": 1,
    "importance": 11,
    "maellard": false
  },
  {
    "name": "Assignment3",
    "start": "01:30",
    "duration": 1,
    "importance": 56,
    "maellard": true
  },
  {
    "name": "Assignment6",
    "start": "03:00",
    "duration": 1,
    "importance": 93,
    "maellard": true
  },
  {
    "name": "Assignment8",
    "start": "04:00",
    "duration": 1,
    "importance": 31,
    "maellard": false
  },
  {
    "name": "Assignment11",
    "start": "05:30",
    "duration": 1,
    "importance": 64,
    "maellard": false
  },
  {
    "name": "Assignment13",
    "start": "06:30",
    "duration": 2,
    "importance": 91,
    "maellard": false
  },
  {
    "name": "Assignment17",
    "start": "08:30",
    "duration": 1,
    "importance": 39,
    "maellard": true
  },
  {
    "name": "Assignment19",
    "start": "09:30",
    "duration": 1,
    "importance": 40,
    "maellard": true
  },
  {
    "name": "Assignment22",
    "start": "11:00",
    "duration": 1,
    "importance": 44,
    "maellard": false
  },
  {
    "name": "Assignment24",
    "start": "12:00",
    "duration": 1,
    "importance": 62,
    "maellard": true
  },
  {
    "name": "Assignment26",
    "start": "13:00",
    "duration": 1,
    "importance": 70,
    "maellard": false
  },
  {
    "name": "Assignment28",
    "start": "14:00",
    "duration": 1,
    "importance": 62,
    "maellard": true
  },
  {
    "name": "Assignment31",
    "start": "15:30",
    "duration": 1,
    "importance": 47,
    "maellard": false
  },
  {
    "name": "Assignment34",
    "start": "17:00",
    "duration": 1,
    "importance": 47,
    "maellard": false
  },
  {
    "name": "Assignment36",
    "start": "18:00",
    "duration": 1,
    "importance": 33,
    "maellard": true
  },
  {
    "name": "Assignment38",
    "start": "19:00",
    "duration": 1,
    "importance": 80,
    "maellard": true
  }
]