[
  {
    "name": "Assignment0",
    "start": "00:00",
    "duration": 2,
    "importance": 12,
    "maellard": true
  },
  {
    "name": "Assignment5",
    "start": "02:30",
    "duration": 2,
    "importance": 79,
    "maellard": false
  },
  {
    "name": "Assignment9",
    "start": "04:30",
    "duration": 1,
    "importance": 63,
    "maellard": true
  },
  {
    "name": "Assignment14",
    "start": "07:00",
    "duration": 1,
    "importance": 92,
    "maellard": true
  },
  {
    "name": "Assignment16",
    "start": "08:00",
    "duration": 1,
    "importance": 91,
    "maellard": true
  },
  {
    "name": "Assignment19",
    "start": "09:30",
    "duration": 1,
    "importance": 96,
    "maellard": false
  },
  {
    "name": "Assignment21",
    "start": "10:30",
    "duration": 1,
    "importance": 7,
    "maellard": false
  },
  {
    "name": "Assignment23",
    "start": "11:30",
    "duration": 2,
    "importance": 33,
    "maellard": true
  },
  {
    "name": "Assignment28",
    "start": "14:00",
    "duration": 1,
    "importance": 73,
    "maellard": true
  }
]