[
  {
    "name": "Assignment1",
    "start": "00:30",
    "duration": 1,
    "importance": 50,
    "maellard": false
  },
  {
    "name": "Assignment3",
    "start": "01:30",
    "duration": 1,
    "importance": 41,
    "maellard": false
  },
  {
    "name": "Assignment5",
    "start": "02:30",
    "duration": 2,
    "importance": 79,
    "maellard": false
  },
  {
    "name": "Assignment9",
    "start": "04:30",
    "duration": 1,
    "importance": 63,
    "maellard": true
  },
  {
    "name": "Assignment11",
    "start": "05:30",
    "duration": 2,
    "importance": 91,
    "maellard": false
  },
  {
    "name": "Assignment15",
    "start": "07:30",
    "duration": 1,
    "importance": 71,
    "maellard": false
  },
  {
    "name": "Assignment17",
    "start": "08:30",
    "duration": 2,
    "importance": 84,
    "maellard": true
  },
  {
    "name": "Assignment21",
    "start": "10:30",
    "duration": 1,
    "importance": 7,
    "maellard": false
  },
  {
    "name": "Assignment24",
    "start": "12:00",
    "duration": 1,
    "importance": 18,
    "maellard": false
  },
  {
    "name": "Assignment26",
    "start": "13:00",
    "duration": 2,
    "importance": 62,
    "maellard": false
  }
]