[
  {
    "name": "Assignment0",
    "start": "00:00",
    "duration": 1,
    "importance": 63,
    "maellard": false
  },
  {
    "name": "Assignment1",
    "start": "00:30",
    "duration": 2,
    "importance": 26,
    "maellard": true
  },
  {
    "name": "Assignment2",
    "start": "01:00",
    "duration": 2,
    "importance": 98,
    "maellard": false
  },
  {
    "name": "Assignment3",
    "start": "01:30",
    "duration": 2,
    "importance": 6,
    "maellard": true
  },
  {
    "name": "Assignment4",
    "start": "02:00",
    "duration": 2,
    "importance": 19,
    "maellard": true
  },
  {
    "name": "Assignment5",
    "start": "02:30",
    "duration": 1,
    "importance": 94,
    "maellard": true
  },
  {
    "name": "Assignment6",
    "start": "03:00",
    "duration": 1,
    "importance": 29,
    "maellard": true
  },
  {
    "name": "Assignment7",
    "start": "03:30",
    "duration": 1,
    "importance": 32,
    "maellard": true
  },
  {
    "name": "Assignment8",
    "start": "04:00",
    "duration": 1,
    "importance": 51,
    "maellard": true
  },
  {
    "name": "Assignment9",
    "start": "04:30",
    "duration": 1,
    "importance": 25,
    "maellard": false
  },
  {
    "name": "Assignment10",
    "start": "05:00",
    "duration": 2,
    "importance": 38,
    "maellard": false
  },
  {
    "name": "Assignment11",
    "start": "05:30",
    "duration": 1,
    "importance": 48,
    "maellard": true
  },
  {
    "name": "Assignment12",
    "start": "06:00",
    "duration": 2,
    "importance": 5,
    "maellard": false
  },
  {
    "name": "Assignment13",
    "start": "06:30",
    "duration": 2,
    "importance": 13,
    "maellard": false
  },
  {
    "name": "Assignment14",
    "start": "07:00",
    "duration": 1,
    "importance": 62,
    "maellard": true
  },
  {
    "name": "Assignment15",
    "start": "07:30",
    "duration": 1,
    "importance": 46,
    "maellard": true
  },
  {
    "name": "Assignment16",
    "start": "08:00",
    "duration": 1,
    "importance": 37,
    "maellard": true
  },
  {
    "name": "Assignment17",
    "start": "08:30",
    "duration": 2,
    "importance": 49,
    "maellard": false
  },
  {
    "name": "Assignment18",
    "start": "09:00",
    "duration": 2,
    "importance": 94,
    "maellard": false
  },
  {
    "name": "Assignment19",
    "start": "09:30",
    "duration": 2,
    "importance": 44,
    "maellard": false
  }
]