[
  {
    "name": "Assignment0",
    "start": "00:00",
    "duration": 1,
    "importance": 63,
    "maellard": false
  },
  {
    "name": "Assignment2",
    "start": "01:00",
    "duration": 2,
    "importance": 98,
    "maellard": false
  },
  {
    "name": "Assignment6",
    "start": "03:00",
    "duration": 1,
    "importance": 29,
    "maellard": true
  },
  {
    "name": "Assignment8",
    "start": "04:00",
    "duration": 1,
    "importance": 51,
    "maellard": true
  },
  {
    "name": "Assignment11",
    "start": "05:30",
    "duration": 1,
    "importance": 48,
    "maellard": true
  },
  {
    "name": "Assignment14",
    "start": "07:00",
    "duration": 1,
    "importance": 62,
    "maellard": true
  },
  {
    "name": "Assignment16",
    "start": "08:00",
    "duration": 1,
    "importance": 37,
    "maellard": true
  },
  {
    "name": "Assignment18",
    "start": "09:00",
    "duration": 2,
    "importance": 94,
    "maellard": false
  }
]