[
  {
    "name": "Assignment0",
    "start": "00:00",
    "duration": 1,
    "importance": 22,
    "maellard": true
  },
  {
    "name": "Assignment1",
    "start": "00:30",
    "duration": 2,
    "importance": 36,
    "maellard": false
  },
  {
    "name": "Assignment2",
    "start": "01:00",
    "duration": 1,
    "importance": 1,
    "maellard": false
  },
  {
    "name": "Assignment3",
    "start": "01:30",
    "duration": 1,
    "importance": 59,
    "maellard": true
  },
  {
    "name": "Assignment4",
    "start": "02:00",
    "duration": 2,
    "importance": 1,
    "maellard": true
  },
  {
    "name": "Assignment5",
    "start": "02:30",
    "duration": 1,
    "importance": 84,
    "maellard": true
  },
  {
    "name": "Assignment6",
    "start": "03:00",
    "duration": 2,
    "importance": 67,
    "maellard": false
  },
  {
    "name": "Assignment7",
    "start": "03:30",
    "duration": 1,
    "importance": 20,
    "maellard": false
  },
  {
    "name": "Assignment8",
    "start": "04:00",
    "duration": 2,
    "importance": 43,
    "maellard": false
  },
  {
    "name": "Assignment9",
    "start": "04:30",
    "duration": 1,
    "importance": 93,
    "maellard": true
  },
  {
    "name": "Assignment10",
    "start": "05:00",
    "duration": 2,
    "importance": 67,
    "maellard": false
  },
  {
    "name": "Assignment11",
    "start": "05:30",
    "duration": 2,
    "importance": 9,
    "maellard": false
  },
  {
    "name": "Assignment12",
    "start": "06:00",
    "duration": 1,
    "importance": 39,
    "maellard": false
  },
  {
    "name": "Assignment13",
    "start": "06:30",
    "duration": 2,
    "importance": 80,
    "maellard": false
  },
  {
    "name": "Assignment14",
    "start": "07:00",
    "duration": 2,
    "importance": 5,
    "maellard": false
  },
  {
    "name": "Assignment15",
    "start": "07:30",
    "duration": 2,
    "importance": 33,
    "maellard": false
  },
  {
    "name": "Assignment16",
    "start": "08:00",
    "duration": 1,
    "importance": 33,
    "maellard": true
  },
  {
    "name": "Assignment17",
    "start": "08:30",
    "duration": 1,
    "importance": 13,
    "maellard": true
  },
  {
    "name": "Assignment18",
    "start": "09:00",
    "duration": 1,
    "importance": 35,
    "maellard": true
  },
  {
    "name": "Assignment19",
    "start": "09:30",
    "duration": 2,
    "importance": 47,
    "maellard": false
  }
]