[
  {
    "name": "Assignment0",
    "start": "00:00",
    "duration": 1,
    "importance": 22,
    "maellard": true
  },
  {
    "name": "Assignment3",
    "start": "01:30",
    "duration": 1,
    "importance": 59,
    "maellard": true
  },
  {
    "name": "Assignment5",
    "start": "02:30",
    "duration": 1,
    "importance": 84,
    "maellard": true
  },
  {
    "name": "Assignment7",
    "start": "03:30",
    "duration": 1,
    "importance": 20,
    "maellard": false
  },
  {
    "name": "Assignment9",
    "start": "04:30",
    "duration": 1,
    "importance": 93,
    "maellard": true
  },
  {
    "name": "Assignment12",
    "start": "06:00",
    "duration": 1,
    "importance": 39,
    "maellard": false
  },
  {
    "name": "Assignment16",
    "start": "08:00",
    "duration": 1,
    "importance": 33,
    "maellard": true
  },
  {
    "name": "Assignment18",
    "start": "09:00",
    "duration": 1,
    "importance": 35,
    "maellard": true
  }
]