[
  {
    "name": "Assignment0",
    "start": "00:00",
    "duration": 1,
    "importance": 22,
    "maellard": true
  },
  {
    "name": "Assignment2",
    "start": "01:00",
    "duration": 1,
    "importance": 1,
    "maellard": false
  },
  {
    "name": "Assignment5",
    "start": "02:30",
    "duration": 1,
    "importance": 84,
    "maellard": true
  },
  {
    "name": "Assignment7",
    "start": "03:30",
    "duration": 1,
    "importance": 20,
    "maellard": false
  },
  {
    "name": "Assignment9",
    "start": "04:30",
    "duration": 1,
    "importance": 93,
    "maellard": true
  },
  {
    "name": "Assignment12",
    "start": "06:00",
    "duration": 1,
    "importance": 39,
    "maellard": false
  },
  {
    "name": "Assignment14",
    "start": "07:00",
    "duration": 2,
    "importance": 5,
    "maellard": false
  },
  {
    "name": "Assignment18",
    "start": "09:00",
    "duration": 1,
    "importance": 35,
    "maellard": true
  }
]